{
  "project_info": {
    "project_number": "465589151802",
    "project_id": "teliki-c3134",
    "storage_bucket": "teliki-c3134.appspot.com"
  },
  "client": [
    {
      "client_info": {
        "mobilesdk_app_id": "1:465589151802:android:49b4d605a5b5b46aaced03",
        "android_client_info": {
          "package_name": "com.smartalert"
        }
      },
      "oauth_client": [
        {
          "client_id": "465589151802-5v3sil3cl02na78iu4co6fes0s1rtrr8.apps.googleusercontent.com",
          "client_type": 3
        }
      ],
      "api_key": [
        {
          "current_key": "AIzaSyBeT6_Yd_D_rPQ78PLZstb8FcDjRzChc0Y"
        }
      ],
      "services": {
        "appinvite_service": {
          "other_platform_oauth_client": [
            {
              "client_id": "465589151802-5v3sil3cl02na78iu4co6fes0s1rtrr8.apps.googleusercontent.com",
              "client_type": 3
            }
          ]
        }
      }
    }
  ],
  "configuration_version": "1"
}